HoraIdx,FranjaHoraria,HoraInicioMin,HoraFinMin,ProductoIdx,ProductoID,Probabilidad,HoraProductoKey
1,09:00-10:00,540,600,1,Marraqueta,0.26445,101
1,09:00-10:00,540,600,2,Hallulla,0.22478,102
1,09:00-10:00,540,600,3,Marraqueta_Integral,0.12469,103
1,09:00-10:00,540,600,4,Hallulla_Integral,0.11636,104
1,09:00-10:00,540,600,5,Pan_Hot_Dog,0.05461,105
1,09:00-10:00,540,600,6,Ciabatta,0.03737,106
1,09:00-10:00,540,600,7,Baguette,0.03271,107
1,09:00-10:00,540,600,8,Dobladita,0.07204,108
1,09:00-10:00,540,600,9,Bocado_de_Dama,0.04527,109
1,09:00-10:00,540,600,10,Amasado,0.02773,110
2,10:00-11:00,600,660,1,Marraqueta,0.26445,201
2,10:00-11:00,600,660,2,Hallulla,0.22478,202
2,10:00-11:00,600,660,3,Marraqueta_Integral,0.12469,203
2,10:00-11:00,600,660,4,Hallulla_Integral,0.11636,204
2,10:00-11:00,600,660,5,Pan_Hot_Dog,0.05461,205
2,10:00-11:00,600,660,6,Ciabatta,0.03737,206
2,10:00-11:00,600,660,7,Baguette,0.03271,207
2,10:00-11:00,600,660,8,Dobladita,0.07204,208
2,10:00-11:00,600,660,9,Bocado_de_Dama,0.04527,209
2,10:00-11:00,600,660,10,Amasado,0.02773,210
3,11:00-12:00,660,720,1,Marraqueta,0.26445,301
3,11:00-12:00,660,720,2,Hallulla,0.22478,302
3,11:00-12:00,660,720,3,Marraqueta_Integral,0.12469,303
3,11:00-12:00,660,720,4,Hallulla_Integral,0.11636,304
3,11:00-12:00,660,720,5,Pan_Hot_Dog,0.05461,305
3,11:00-12:00,660,720,6,Ciabatta,0.03737,306
3,11:00-12:00,660,720,7,Baguette,0.03271,307
3,11:00-12:00,660,720,8,Dobladita,0.07204,308
3,11:00-12:00,660,720,9,Bocado_de_Dama,0.04527,309
3,11:00-12:00,660,720,10,Amasado,0.02773,310
4,12:00-13:00,720,780,1,Marraqueta,0.23126,401
4,12:00-13:00,720,780,2,Hallulla,0.19657,402
4,12:00-13:00,720,780,3,Marraqueta_Integral,0.10902,403
4,12:00-13:00,720,780,4,Hallulla_Integral,0.10175,404
4,12:00-13:00,720,780,5,Pan_Hot_Dog,0.1534,405
4,12:00-13:00,720,780,6,Ciabatta,0.05249,406
4,12:00-13:00,720,780,7,Baguette,0.04594,407
4,12:00-13:00,720,780,8,Dobladita,0.04336,408
4,12:00-13:00,720,780,9,Bocado_de_Dama,0.02725,409
4,12:00-13:00,720,780,10,Amasado,0.03895,410
5,13:00-14:00,780,840,1,Marraqueta,0.25047,501
5,13:00-14:00,780,840,2,Hallulla,0.21289,502
5,13:00-14:00,780,840,3,Marraqueta_Integral,0.11808,503
5,13:00-14:00,780,840,4,Hallulla_Integral,0.1102,504
5,13:00-14:00,780,840,5,Pan_Hot_Dog,0.08308,505
5,13:00-14:00,780,840,6,Ciabatta,0.05685,506
5,13:00-14:00,780,840,7,Baguette,0.04976,507
5,13:00-14:00,780,840,8,Dobladita,0.04696,508
5,13:00-14:00,780,840,9,Bocado_de_Dama,0.02952,509
5,13:00-14:00,780,840,10,Amasado,0.04219,510
6,14:00-15:00,840,900,1,Marraqueta,0.25047,601
6,14:00-15:00,840,900,2,Hallulla,0.21289,602
6,14:00-15:00,840,900,3,Marraqueta_Integral,0.11808,603
6,14:00-15:00,840,900,4,Hallulla_Integral,0.1102,604
6,14:00-15:00,840,900,5,Pan_Hot_Dog,0.08308,605
6,14:00-15:00,840,900,6,Ciabatta,0.05685,606
6,14:00-15:00,840,900,7,Baguette,0.04976,607
6,14:00-15:00,840,900,8,Dobladita,0.04696,608
6,14:00-15:00,840,900,9,Bocado_de_Dama,0.02952,609
6,14:00-15:00,840,900,10,Amasado,0.04219,610
7,15:00-16:00,900,960,1,Marraqueta,0.26445,701
7,15:00-16:00,900,960,2,Hallulla,0.22478,702
7,15:00-16:00,900,960,3,Marraqueta_Integral,0.12469,703
7,15:00-16:00,900,960,4,Hallulla_Integral,0.11636,704
7,15:00-16:00,900,960,5,Pan_Hot_Dog,0.05461,705
7,15:00-16:00,900,960,6,Ciabatta,0.03737,706
7,15:00-16:00,900,960,7,Baguette,0.03271,707
7,15:00-16:00,900,960,8,Dobladita,0.07204,708
7,15:00-16:00,900,960,9,Bocado_de_Dama,0.04527,709
7,15:00-16:00,900,960,10,Amasado,0.02773,710
8,16:00-17:00,960,1020,1,Marraqueta,0.26445,801
8,16:00-17:00,960,1020,2,Hallulla,0.22478,802
8,16:00-17:00,960,1020,3,Marraqueta_Integral,0.12469,803
8,16:00-17:00,960,1020,4,Hallulla_Integral,0.11636,804
8,16:00-17:00,960,1020,5,Pan_Hot_Dog,0.05461,805
8,16:00-17:00,960,1020,6,Ciabatta,0.03737,806
8,16:00-17:00,960,1020,7,Baguette,0.03271,807
8,16:00-17:00,960,1020,8,Dobladita,0.07204,808
8,16:00-17:00,960,1020,9,Bocado_de_Dama,0.04527,809
8,16:00-17:00,960,1020,10,Amasado,0.02773,810
9,17:00-18:00,1020,1080,1,Marraqueta,0.2381,901
9,17:00-18:00,1020,1080,2,Hallulla,0.20238,902
9,17:00-18:00,1020,1080,3,Marraqueta_Integral,0.11226,903
9,17:00-18:00,1020,1080,4,Hallulla_Integral,0.10477,904
9,17:00-18:00,1020,1080,5,Pan_Hot_Dog,0.11239,905
9,17:00-18:00,1020,1080,6,Ciabatta,0.04375,906
9,17:00-18:00,1020,1080,7,Baguette,0.03827,907
9,17:00-18:00,1020,1080,8,Dobladita,0.06486,908
9,17:00-18:00,1020,1080,9,Bocado_de_Dama,0.04076,909
9,17:00-18:00,1020,1080,10,Amasado,0.04244,910
10,18:00-19:00,1080,1140,1,Marraqueta,0.18537,1001
10,18:00-19:00,1080,1140,2,Hallulla,0.15757,1002
10,18:00-19:00,1080,1140,3,Marraqueta_Integral,0.08739,1003
10,18:00-19:00,1080,1140,4,Hallulla_Integral,0.08156,1004
10,18:00-19:00,1080,1140,5,Pan_Hot_Dog,0.25006,1005
10,18:00-19:00,1080,1140,6,Ciabatta,0.07079,1006
10,18:00-19:00,1080,1140,7,Baguette,0.06194,1007
10,18:00-19:00,1080,1140,8,Dobladita,0.02249,1008
10,18:00-19:00,1080,1140,9,Bocado_de_Dama,0.01413,1009
10,18:00-19:00,1080,1140,10,Amasado,0.06869,1010
11,19:00-20:00,1140,1200,1,Marraqueta,0.18968,1101
11,19:00-20:00,1140,1200,2,Hallulla,0.16123,1102
11,19:00-20:00,1140,1200,3,Marraqueta_Integral,0.08942,1103
11,19:00-20:00,1140,1200,4,Hallulla_Integral,0.08346,1104
11,19:00-20:00,1140,1200,5,Pan_Hot_Dog,0.23262,1105
11,19:00-20:00,1140,1200,6,Ciabatta,0.07243,1106
11,19:00-20:00,1140,1200,7,Baguette,0.06338,1107
11,19:00-20:00,1140,1200,8,Dobladita,0.02301,1108
11,19:00-20:00,1140,1200,9,Bocado_de_Dama,0.01446,1109
11,19:00-20:00,1140,1200,10,Amasado,0.07029,1110
12,20:00-21:00,1200,1260,1,Marraqueta,0.2584,1201
12,20:00-21:00,1200,1260,2,Hallulla,0.21963,1202
12,20:00-21:00,1200,1260,3,Marraqueta_Integral,0.12183,1203
12,20:00-21:00,1200,1260,4,Hallulla_Integral,0.1137,1204
12,20:00-21:00,1200,1260,5,Pan_Hot_Dog,0.07624,1205
12,20:00-21:00,1200,1260,6,Ciabatta,0.03651,1206
12,20:00-21:00,1200,1260,7,Baguette,0.03196,1207
12,20:00-21:00,1200,1260,8,Dobladita,0.07039,1208
12,20:00-21:00,1200,1260,9,Bocado_de_Dama,0.04424,1209
12,20:00-21:00,1200,1260,10,Amasado,0.0271,1210
